filename,width,height,class,xmin,ymin,xmax,ymax
000000.jpg,800,600,inductor,370,279,450,392
000000.jpg,800,600,inductor,440,291,517,393
000000.jpg,800,600,resistor,108,347,168,452
000000.jpg,800,600,resistor,153,340,197,432
000000.jpg,800,600,diode,192,344,241,418
000000.jpg,800,600,diode,237,330,288,398
000000.jpg,800,600,diode,281,330,323,400
000000.jpg,800,600,diode,324,324,368,397
000000.jpg,800,600,resistor,629,272,682,364
000000.jpg,800,600,resistor,668,263,723,360
000001.jpg,800,600,SMD resistor,175,92,292,141
000002.jpg,800,600,SMD capacitor,81,45,729,524
000003.jpg,800,600,inductor_chunk,681,218,775,318
000003.jpg,800,600,SMD capacitor,726,327,743,352
000003.jpg,800,600,SMD capacitor,749,327,767,352
000003.jpg,800,600,SMD capacitor,774,327,791,353
000003.jpg,800,600,SMD capacitor,595,169,616,193
000003.jpg,800,600,SMD capacitor,618,167,637,193
000003.jpg,800,600,SMD capacitor,644,169,659,197
000003.jpg,800,600,SMD capacitor,738,551,785,572
000004.jpg,800,600,inductor_chunk,129,75,365,264
000004.jpg,800,600,inductor_chunk,458,82,688,261
000004.jpg,800,600,inductor_chunk,138,334,381,526
000004.jpg,800,600,inductor_chunk,464,331,710,521
000005.jpg,800,600,SMD capacitor,393,372,502,438
000005.jpg,800,600,SMD capacitor,530,397,643,501
000005.jpg,800,600,SMD capacitor,385,438,489,504
000005.jpg,800,600,SMD capacitor,245,379,307,489
000005.jpg,800,600,SMD capacitor,179,379,240,490
000005.jpg,800,600,SMD capacitor,663,234,700,297
000005.jpg,800,600,SMD capacitor,681,140,710,195
000005.jpg,800,600,SMD capacitor,658,337,689,390
000006.jpg,800,600,SMD capacitor,337,266,431,358
000006.jpg,800,600,SMD capacitor,548,215,639,298
000006.jpg,800,600,SMD capacitor,112,314,199,408
000007.jpg,800,600,SMD capacitor,403,190,450,287
000007.jpg,800,600,SMD capacitor,203,361,246,450
000007.jpg,800,600,SMD capacitor,576,14,647,85
000008.jpg,800,600,SMD resistor,295,574,306,599
000008.jpg,800,600,SMD resistor,282,572,295,597
000008.jpg,800,600,SMD resistor,269,572,281,600
000008.jpg,800,600,SMD resistor,465,564,482,578
000008.jpg,800,600,SMD capacitor,466,547,485,559
000008.jpg,800,600,SMD resistor,79,82,90,114
000008.jpg,800,600,SMD resistor,61,83,74,116
000008.jpg,800,600,SMD resistor,134,85,144,115
000008.jpg,800,600,SMD resistor,147,85,156,113
000009.jpg,800,600,SMD capacitor,155,205,237,374
000009.jpg,800,600,SMD capacitor,244,208,319,384
000009.jpg,800,600,SMD capacitor,433,192,570,300
000009.jpg,800,600,SMD capacitor,422,300,552,395
000009.jpg,800,600,SMD capacitor,600,237,754,391
000009.jpg,800,600,SMD capacitor,338,264,408,316
000010.jpg,800,600,SMD resistor,436,247,496,300
000010.jpg,800,600,SMD resistor,446,154,502,201
000010.jpg,800,600,SMD capacitor,669,476,737,532
000010.jpg,800,600,SMD capacitor,496,405,537,484
000010.jpg,800,600,SMD capacitor,431,396,478,480
000011.jpg,800,600,SMD capacitor,140,385,205,458
000011.jpg,800,600,SMD capacitor,87,333,150,414
000011.jpg,800,600,SMD capacitor,37,292,102,366
000011.jpg,800,600,SMD capacitor,3,242,56,324
000011.jpg,800,600,SMD capacitor,692,465,771,544
000011.jpg,800,600,SMD resistor,510,497,558,556
000011.jpg,800,600,SMD resistor,543,524,589,591
000011.jpg,800,600,SMD resistor,263,232,321,294
000011.jpg,800,600,SMD resistor,216,302,265,361
000011.jpg,800,600,SMD resistor,252,358,296,420
000011.jpg,800,600,SMD resistor,192,334,240,400
000011.jpg,800,600,inductor_chunk,99,30,250,190
000012.jpg,800,600,electrolytic capacitor,431,278,534,489
000012.jpg,800,600,electrolytic capacitor,450,144,555,342
000012.jpg,800,600,electrolytic capacitor,103,224,225,447
000012.jpg,800,600,electrolytic capacitor,50,324,155,507
000013.jpg,800,600,SMD capacitor,57,314,137,359
000013.jpg,800,600,SMD capacitor,59,372,139,422
000013.jpg,800,600,SMD capacitor,63,129,136,179
000013.jpg,800,600,SMD capacitor,58,68,139,115
000013.jpg,800,600,SMD capacitor,176,306,252,361
000013.jpg,800,600,SMD capacitor,173,369,255,424
000013.jpg,800,600,SMD capacitor,170,424,259,484
000013.jpg,800,600,SMD capacitor,168,492,252,540
000013.jpg,800,600,SMD capacitor,170,248,248,301
000013.jpg,800,600,SMD capacitor,167,185,254,240
000013.jpg,800,600,SMD capacitor,168,125,251,185
000013.jpg,800,600,SMD capacitor,170,62,253,122
000013.jpg,800,600,SMD capacitor,171,8,247,64
000013.jpg,800,600,SMD capacitor,548,5,622,57
000013.jpg,800,600,SMD capacitor,544,63,623,115
000013.jpg,800,600,SMD capacitor,546,124,624,179
000013.jpg,800,600,SMD capacitor,658,59,736,118
000013.jpg,800,600,SMD capacitor,656,119,735,174
000013.jpg,800,600,SMD capacitor,665,301,744,362
000013.jpg,800,600,SMD resistor,468,446,531,477
000014.jpg,800,600,resistor,134,130,265,216
000014.jpg,800,600,SMD resistor,145,279,214,324
000014.jpg,800,600,SMD resistor,227,280,292,323
000014.jpg,800,600,SMD resistor,472,82,560,190
000014.jpg,800,600,SMD resistor,598,206,679,300
000015.jpg,800,600,SMD capacitor,339,270,703,593
000015.jpg,800,600,SMD capacitor,37,264,329,494
000016.jpg,800,600,SMD capacitor,302,408,352,474
000016.jpg,800,600,SMD capacitor,140,451,199,514
000016.jpg,800,600,SMD capacitor,18,376,77,440
000016.jpg,800,600,SMD capacitor,295,253,335,321
000016.jpg,800,600,SMD capacitor,16,491,60,563
000016.jpg,800,600,SMD resistor,320,364,380,426
000016.jpg,800,600,SMD resistor,238,511,303,573
000017.jpg,800,600,resistor,150,230,217,354
000017.jpg,800,600,resistor,228,237,294,346
000017.jpg,800,600,resistor,311,227,368,355
000017.jpg,800,600,resistor,380,226,444,360
000017.jpg,800,600,resistor,456,226,521,339
000017.jpg,800,600,resistor,532,234,596,353
000017.jpg,800,600,resistor,603,233,674,350
000017.jpg,800,600,resistor,673,233,747,349
000018.jpg,800,600,SMD resistor,434,336,503,368
000018.jpg,800,600,SMD resistor,587,316,621,384
000018.jpg,800,600,SMD resistor,518,242,550,306
000018.jpg,800,600,SMD resistor,423,409,498,440
000018.jpg,800,600,SMD resistor,374,312,405,387
000018.jpg,800,600,SMD resistor,112,405,141,471
000018.jpg,800,600,SMD resistor,150,405,186,472
000018.jpg,800,600,SMD resistor,52,402,84,471
000018.jpg,800,600,SMD resistor,240,408,270,474
000018.jpg,800,600,SMD resistor,278,408,316,480
000018.jpg,800,600,SMD resistor,61,166,97,230
000018.jpg,800,600,SMD resistor,20,163,55,238
000018.jpg,800,600,SMD resistor,185,143,274,182
000018.jpg,800,600,SMD resistor,350,146,379,219
000018.jpg,800,600,SMD resistor,392,153,423,209
000018.jpg,800,600,SMD resistor,323,85,400,122
000018.jpg,800,600,SMD resistor,571,63,656,105
000018.jpg,800,600,SMD resistor,569,99,647,139
000018.jpg,800,600,SMD resistor,649,305,735,342
000018.jpg,800,600,SMD resistor,523,155,553,214
000018.jpg,800,600,SMD resistor,432,148,465,216
000018.jpg,800,600,SMD resistor,481,147,512,216
000018.jpg,800,600,SMD resistor,466,58,503,126
000018.jpg,800,600,SMD capacitor,426,369,515,406
000018.jpg,800,600,SMD capacitor,190,402,234,475
000018.jpg,800,600,SMD capacitor,121,61,158,139
000018.jpg,800,600,SMD capacitor,24,107,105,140
000018.jpg,800,600,SMD capacitor,420,56,460,123
000018.jpg,800,600,SMD capacitor,642,342,734,377
000019.jpg,800,600,resistor,144,167,277,217
000019.jpg,800,600,resistor,192,126,310,168
000019.jpg,800,600,resistor,412,162,535,208
000019.jpg,800,600,resistor,463,403,584,452
000019.jpg,800,600,resistor,389,462,519,501
000019.jpg,800,600,resistor,439,500,579,549
000019.jpg,800,600,resistor,364,534,482,584
000019.jpg,800,600,resistor,103,293,150,432
000019.jpg,800,600,resistor,581,119,634,249
000020.jpg,800,600,SMD capacitor,666,474,739,535
000020.jpg,800,600,SMD capacitor,430,397,469,480
000020.jpg,800,600,SMD capacitor,497,402,534,489
000020.jpg,800,600,SMD resistor,448,142,509,208
000020.jpg,800,600,SMD resistor,436,240,500,306
000021.jpg,800,600,SMD capacitor,244,369,342,445
000021.jpg,800,600,SMD capacitor,399,300,491,371
000021.jpg,800,600,SMD capacitor,561,229,652,308
000021.jpg,800,600,SMD capacitor,718,156,800,242
000021.jpg,800,600,SMD capacitor,97,436,188,517
000022.jpg,800,600,SMD capacitor,65,84,329,266
000022.jpg,800,600,SMD capacitor,306,289,426,374
000023.jpg,800,600,SMD capacitor,75,245,100,298
000023.jpg,800,600,SMD capacitor,118,247,144,300
000023.jpg,800,600,SMD capacitor,62,166,87,209
000023.jpg,800,600,SMD capacitor,103,166,129,209
000023.jpg,800,600,inductor_chunk,145,157,211,229
000023.jpg,800,600,SMD capacitor,332,127,353,176
000023.jpg,800,600,SMD capacitor,360,121,382,175
000023.jpg,800,600,SMD capacitor,410,46,433,93
000023.jpg,800,600,SMD capacitor,460,43,480,89
000023.jpg,800,600,SMD capacitor,318,271,328,292
000023.jpg,800,600,SMD capacitor,224,253,244,268
000023.jpg,800,600,SMD capacitor,227,309,242,321
000023.jpg,800,600,SMD capacitor,544,482,563,525
000023.jpg,800,600,SMD capacitor,574,479,595,529
000023.jpg,800,600,SMD capacitor,330,37,339,66
000023.jpg,800,600,SMD resistor,213,445,227,477
000023.jpg,800,600,SMD resistor,211,498,228,532
000023.jpg,800,600,SMD resistor,142,501,154,529
000023.jpg,800,600,SMD resistor,447,238,458,261
000023.jpg,800,600,SMD resistor,387,285,397,305
000023.jpg,800,600,SMD resistor,358,301,369,319
000023.jpg,800,600,SMD resistor,339,309,348,326
000023.jpg,800,600,SMD resistor,361,272,369,291
000023.jpg,800,600,SMD resistor,355,193,361,214
000023.jpg,800,600,SMD resistor,318,242,326,263
000023.jpg,800,600,SMD resistor,329,237,337,264
000024.jpg,800,600,SMD capacitor,27,71,784,535
000025.jpg,800,600,SMD capacitor,425,425,503,456
000025.jpg,800,600,SMD capacitor,342,422,378,477
000025.jpg,800,600,SMD capacitor,359,382,431,405
000025.jpg,800,600,SMD capacitor,588,204,618,250
000025.jpg,800,600,SMD resistor,137,361,156,397
000025.jpg,800,600,SMD resistor,158,434,182,472
000025.jpg,800,600,SMD resistor,187,435,208,468
000025.jpg,800,600,SMD resistor,215,437,235,469
000025.jpg,800,600,SMD resistor,243,437,258,469
000025.jpg,800,600,SMD resistor,268,437,287,468
000026.jpg,800,600,SMD capacitor,455,316,467,343
000026.jpg,800,600,SMD capacitor,450,393,461,419
000026.jpg,800,600,SMD capacitor,468,394,479,420
000026.jpg,800,600,SMD capacitor,485,397,498,422
000026.jpg,800,600,SMD capacitor,503,401,517,428
000026.jpg,800,600,SMD capacitor,262,327,274,358
000026.jpg,800,600,SMD capacitor,403,185,415,209
000026.jpg,800,600,SMD capacitor,420,187,433,213
000026.jpg,800,600,SMD capacitor,385,137,397,166
000026.jpg,800,600,SMD capacitor,402,139,417,164
000026.jpg,800,600,SMD capacitor,421,137,433,166
000026.jpg,800,600,SMD capacitor,439,140,451,168
000026.jpg,800,600,SMD capacitor,746,445,769,461
000026.jpg,800,600,SMD capacitor,689,123,700,147
000026.jpg,800,600,SMD capacitor,742,469,768,481
000026.jpg,800,600,SMD capacitor,747,488,769,504
000026.jpg,800,600,SMD capacitor,745,518,766,533
000026.jpg,800,600,SMD capacitor,255,106,266,134
000026.jpg,800,600,SMD capacitor,744,122,754,149
000026.jpg,800,600,SMD capacitor,745,401,766,419
000026.jpg,800,600,SMD capacitor,781,500,800,514
000026.jpg,800,600,SMD capacitor,655,485,674,504
000026.jpg,800,600,SMD capacitor,490,439,504,469
000026.jpg,800,600,SMD capacitor,97,376,110,404
000026.jpg,800,600,SMD capacitor,77,411,92,440
000026.jpg,800,600,SMD resistor,98,414,108,440
000026.jpg,800,600,SMD resistor,77,376,92,403
000026.jpg,800,600,SMD resistor,115,483,129,516
000026.jpg,800,600,SMD capacitor,98,484,110,516
000026.jpg,800,600,SMD capacitor,740,206,756,235
000026.jpg,800,600,SMD capacitor,744,248,753,278
000026.jpg,800,600,SMD capacitor,682,337,696,363
000026.jpg,800,600,SMD capacitor,781,521,800,537
000026.jpg,800,600,electrolytic capacitor,161,534,210,587
000026.jpg,800,600,electrolytic capacitor,548,32,591,86
000026.jpg,800,600,electrolytic capacitor,595,29,642,89
000026.jpg,800,600,electrolytic capacitor,644,378,690,428
000026.jpg,800,600,electrolytic capacitor,681,153,746,219
000026.jpg,800,600,electrolytic capacitor,680,220,740,290
000026.jpg,800,600,electrolytic capacitor,632,187,679,237
000026.jpg,800,600,electrolytic capacitor,587,220,632,274
000026.jpg,800,600,electrolytic capacitor,452,229,485,270
000026.jpg,800,600,electrolytic capacitor,501,229,536,268
000026.jpg,800,600,electrolytic capacitor,542,219,585,275
000026.jpg,800,600,electrolytic capacitor,446,269,482,313
000026.jpg,800,600,SMD resistor,760,79,774,109
000026.jpg,800,600,SMD resistor,759,165,776,197
000026.jpg,800,600,SMD resistor,759,205,773,236
000026.jpg,800,600,SMD resistor,759,247,773,280
000026.jpg,800,600,SMD resistor,608,502,622,536
000026.jpg,800,600,SMD resistor,626,505,637,536
000026.jpg,800,600,SMD resistor,623,540,645,570
000026.jpg,800,600,SMD resistor,78,527,88,557
000026.jpg,800,600,SMD resistor,742,542,771,559
000026.jpg,800,600,inductor,331,150,355,221
000027.jpg,800,600,SMD capacitor,178,147,333,250
000027.jpg,800,600,SMD capacitor,471,140,630,253
000028.jpg,800,600,SMD capacitor,271,333,481,464
000028.jpg,800,600,SMD capacitor,23,232,127,460
000028.jpg,800,600,diode,561,116,772,226
000029.jpg,800,600,SMD capacitor,9,4,792,599
000030.jpg,800,600,SMD capacitor,183,146,337,256
000030.jpg,800,600,SMD capacitor,473,143,629,250
000031.jpg,800,600,SMD capacitor,143,132,201,243
000031.jpg,800,600,SMD capacitor,194,199,234,271
000031.jpg,800,600,SMD capacitor,292,209,350,326
000031.jpg,800,600,SMD capacitor,374,290,424,372
000031.jpg,800,600,SMD capacitor,455,338,507,413
000031.jpg,800,600,SMD capacitor,508,395,544,453
000031.jpg,800,600,SMD capacitor,594,366,655,486
000031.jpg,800,600,SMD resistor,103,179,130,234
000032.jpg,800,600,SMD resistor,140,1,658,596
000033.jpg,800,600,resistor,242,266,311,281
000033.jpg,800,600,resistor,239,280,311,292
000033.jpg,800,600,resistor,240,290,310,301
000033.jpg,800,600,resistor,240,298,310,311
000033.jpg,800,600,resistor,240,308,310,321
000033.jpg,800,600,resistor,239,319,310,331
000033.jpg,800,600,resistor,239,329,313,340
000033.jpg,800,600,resistor,240,340,310,352
000033.jpg,800,600,resistor,379,200,451,212
000033.jpg,800,600,resistor,379,210,451,221
000033.jpg,800,600,resistor,379,221,453,231
000033.jpg,800,600,resistor,379,231,449,241
000033.jpg,800,600,resistor,378,241,450,251
000033.jpg,800,600,resistor,377,249,451,261
000033.jpg,800,600,resistor,378,262,454,271
000033.jpg,800,600,resistor,378,270,451,281
000033.jpg,800,600,resistor,378,280,451,291
000033.jpg,800,600,resistor,378,292,452,303
000033.jpg,800,600,resistor,376,300,451,311
000033.jpg,800,600,resistor,375,311,452,326
000033.jpg,800,600,inductor_chunk,274,402,350,443
000033.jpg,800,600,inductor,209,440,288,464
000033.jpg,800,600,resistor,454,158,524,171
000033.jpg,800,600,resistor,455,169,526,181
000033.jpg,800,600,electrolytic capacitor,139,307,173,333
000033.jpg,800,600,SMD capacitor,319,366,339,375
000033.jpg,800,600,SMD resistor,319,379,340,393
000033.jpg,800,600,SMD capacitor,355,196,367,219
000033.jpg,800,600,SMD capacitor,521,314,531,333
000033.jpg,800,600,SMD capacitor,544,170,569,179
000033.jpg,800,600,resistor,688,191,763,207
000033.jpg,800,600,SMD resistor,730,291,739,311
000033.jpg,800,600,resistor,627,279,694,290
000033.jpg,800,600,resistor,688,206,761,219
000033.jpg,800,600,electrolytic capacitor,604,153,642,183
000033.jpg,800,600,electrolytic capacitor,553,184,588,215
000033.jpg,800,600,electrolytic capacitor,557,219,585,243
000033.jpg,800,600,electrolytic capacitor,558,249,586,272
000033.jpg,800,600,electrolytic capacitor,643,430,685,461
000033.jpg,800,600,electrolytic capacitor,741,323,769,347
000033.jpg,800,600,SMD resistor,486,198,495,215
000033.jpg,800,600,SMD resistor,500,199,511,214
000033.jpg,800,600,SMD resistor,207,243,219,261
000033.jpg,800,600,SMD capacitor,207,225,218,241
000033.jpg,800,600,SMD capacitor,208,201,218,218
000033.jpg,800,600,SMD capacitor,341,202,351,219
000033.jpg,800,600,SMD resistor,521,283,531,304
000033.jpg,800,600,SMD resistor,539,289,550,310
000033.jpg,800,600,SMD resistor,556,290,566,312
000033.jpg,800,600,SMD resistor,571,290,585,312
000033.jpg,800,600,SMD resistor,601,291,613,307
000033.jpg,800,600,SMD resistor,616,291,625,308
000033.jpg,800,600,SMD resistor,631,291,641,308
000033.jpg,800,600,SMD capacitor,467,235,479,252
000034.jpg,800,600,SMD capacitor,603,316,628,369
000034.jpg,800,600,SMD capacitor,537,235,562,287
000034.jpg,800,600,SMD capacitor,403,403,429,451
000034.jpg,800,600,SMD capacitor,436,405,460,450
000034.jpg,800,600,SMD capacitor,494,498,521,550
000034.jpg,800,600,SMD capacitor,153,283,176,327
000034.jpg,800,600,SMD capacitor,176,164,199,210
000034.jpg,800,600,SMD resistor,150,409,174,458
000034.jpg,800,600,SMD resistor,218,456,242,507
000034.jpg,800,600,SMD resistor,278,468,305,510
000034.jpg,800,600,SMD resistor,315,469,337,508
000034.jpg,800,600,SMD resistor,345,469,371,515
000034.jpg,800,600,SMD resistor,27,403,54,452
000034.jpg,800,600,SMD resistor,667,327,689,378
000034.jpg,800,600,SMD resistor,697,329,728,376
000034.jpg,800,600,SMD resistor,732,328,763,375
000034.jpg,800,600,SMD resistor,733,260,766,311
000034.jpg,800,600,SMD resistor,502,239,525,290
000034.jpg,800,600,SMD resistor,437,306,463,363
000034.jpg,800,600,SMD resistor,467,311,492,357
000034.jpg,800,600,SMD resistor,527,317,557,359
000034.jpg,800,600,SMD resistor,594,460,623,522
000034.jpg,800,600,SMD resistor,545,412,574,463
000035.jpg,800,600,SMD resistor,4,121,326,297
000035.jpg,800,600,SMD resistor,362,160,637,297
000035.jpg,800,600,SMD resistor,92,292,352,427
000035.jpg,800,600,SMD resistor,639,201,785,298
000035.jpg,800,600,SMD resistor,500,283,650,375
000036.jpg,800,600,SMD capacitor,211,404,257,457
000036.jpg,800,600,SMD capacitor,339,326,384,384
000036.jpg,800,600,SMD capacitor,408,424,452,476
000036.jpg,800,600,SMD capacitor,518,412,562,464
000036.jpg,800,600,SMD resistor,471,214,527,289
000036.jpg,800,600,SMD resistor,395,284,450,351
000036.jpg,800,600,SMD resistor,271,268,327,336
000036.jpg,800,600,SMD resistor,628,371,679,441
000036.jpg,800,600,SMD resistor,463,471,516,539
000036.jpg,800,600,SMD resistor,503,526,557,593
000036.jpg,800,600,SMD resistor,161,51,222,132
000037.jpg,800,600,resistor,466,284,512,476
000037.jpg,800,600,resistor,421,272,464,474
000037.jpg,800,600,resistor,379,271,418,472
000037.jpg,800,600,resistor,332,260,377,461
000037.jpg,800,600,resistor,286,256,328,455
000037.jpg,800,600,resistor,237,243,277,439
000037.jpg,800,600,resistor,229,129,440,200
000037.jpg,800,600,resistor,226,177,432,248
000037.jpg,800,600,resistor,626,230,800,291
000037.jpg,800,600,resistor,625,282,800,345
000037.jpg,800,600,resistor,140,138,182,334
000037.jpg,800,600,resistor,40,127,84,305
000037.jpg,800,600,inductor,68,359,132,547
000038.jpg,800,600,SMD capacitor,268,187,561,371
000039.jpg,800,600,SMD capacitor,408,492,447,568
000039.jpg,800,600,SMD capacitor,466,497,508,569
000039.jpg,800,600,SMD capacitor,529,489,576,573
000039.jpg,800,600,SMD capacitor,347,490,389,569
000039.jpg,800,600,SMD capacitor,227,486,268,570
000039.jpg,800,600,SMD capacitor,168,489,208,559
000039.jpg,800,600,SMD capacitor,108,490,146,555
000039.jpg,800,600,SMD capacitor,40,333,113,364
000039.jpg,800,600,SMD capacitor,651,169,734,195
000039.jpg,800,600,SMD capacitor,639,338,738,369
000039.jpg,800,600,SMD capacitor,657,248,736,281
000039.jpg,800,600,SMD capacitor,645,208,749,243
000039.jpg,800,600,SMD capacitor,649,80,745,114
000039.jpg,800,600,SMD capacitor,654,548,751,587
000040.jpg,800,600,SMD capacitor,460,155,527,194
000040.jpg,800,600,SMD capacitor,457,208,529,246
000040.jpg,800,600,SMD capacitor,459,261,524,298
000040.jpg,800,600,SMD capacitor,418,154,439,208
000040.jpg,800,600,SMD capacitor,384,153,411,209
000040.jpg,800,600,SMD capacitor,353,153,374,208
000040.jpg,800,600,SMD capacitor,319,153,344,212
000040.jpg,800,600,SMD capacitor,539,154,569,206
000040.jpg,800,600,SMD capacitor,577,153,594,209
000040.jpg,800,600,SMD capacitor,608,155,630,216
000040.jpg,800,600,SMD capacitor,644,152,665,213
000040.jpg,800,600,SMD capacitor,680,153,758,195
000040.jpg,800,600,SMD capacitor,680,205,757,244
000040.jpg,800,600,SMD capacitor,679,257,751,298
000040.jpg,800,600,SMD capacitor,208,156,284,196
000040.jpg,800,600,SMD capacitor,206,210,271,240
000040.jpg,800,600,SMD capacitor,205,259,274,297
000040.jpg,800,600,SMD capacitor,98,155,121,209
000040.jpg,800,600,SMD capacitor,132,155,156,207
000040.jpg,800,600,SMD capacitor,164,154,187,206
000040.jpg,800,600,SMD capacitor,65,152,90,209
000040.jpg,800,600,SMD capacitor,29,150,55,206
000040.jpg,800,600,SMD capacitor,215,417,244,477
000040.jpg,800,600,SMD resistor,521,418,547,477
000040.jpg,800,600,SMD resistor,266,413,293,473
000040.jpg,800,600,SMD resistor,745,424,775,484
000040.jpg,800,600,SMD capacitor,698,421,726,471
000040.jpg,800,600,SMD capacitor,311,468,360,496
000040.jpg,800,600,SMD capacitor,146,474,202,495
000040.jpg,800,600,SMD capacitor,82,477,119,497
000040.jpg,800,600,SMD capacitor,44,3,93,37
000041.jpg,800,600,SMD resistor,17,335,237,477
000041.jpg,800,600,SMD resistor,23,151,231,285
000042.jpg,800,600,SMD capacitor,555,189,647,410
000042.jpg,800,600,SMD capacitor,442,192,519,414
000043.jpg,800,600,SMD capacitor,236,303,261,350
000043.jpg,800,600,SMD capacitor,264,303,288,350
000043.jpg,800,600,SMD capacitor,294,304,313,349
000043.jpg,800,600,SMD capacitor,323,304,348,350
000043.jpg,800,600,SMD capacitor,385,226,412,277
000043.jpg,800,600,SMD capacitor,423,220,484,245
000043.jpg,800,600,SMD resistor,325,226,374,250
000043.jpg,800,600,SMD resistor,324,198,378,223
000043.jpg,800,600,SMD resistor,386,148,408,189
000043.jpg,800,600,SMD resistor,485,78,508,119
000043.jpg,800,600,SMD resistor,366,74,389,118
000043.jpg,800,600,SMD resistor,456,77,476,122
000043.jpg,800,600,SMD resistor,399,74,418,119
000043.jpg,800,600,SMD resistor,424,74,447,121
000043.jpg,800,600,SMD resistor,155,336,181,384
000043.jpg,800,600,SMD resistor,153,248,173,288
000043.jpg,800,600,SMD resistor,176,251,197,280
000043.jpg,800,600,SMD resistor,167,298,197,318
000043.jpg,800,600,SMD capacitor,326,168,372,192
000043.jpg,800,600,SMD capacitor,58,203,82,251
000043.jpg,800,600,SMD capacitor,56,269,80,314
000043.jpg,800,600,SMD capacitor,279,245,292,265
000043.jpg,800,600,SMD capacitor,325,256,372,279
000043.jpg,800,600,SMD capacitor,319,23,337,52
000043.jpg,800,600,SMD capacitor,287,12,313,27
000043.jpg,800,600,SMD capacitor,474,481,503,495
000043.jpg,800,600,SMD capacitor,589,201,598,219
000043.jpg,800,600,SMD capacitor,299,247,308,271
000043.jpg,800,600,SMD resistor,369,14,387,53
000043.jpg,800,600,SMD resistor,396,12,419,49
000043.jpg,800,600,SMD resistor,426,13,446,54
000043.jpg,800,600,SMD resistor,453,12,477,55
000043.jpg,800,600,SMD resistor,484,11,505,56
000043.jpg,800,600,SMD resistor,186,524,202,561
000044.jpg,800,600,SMD capacitor,253,176,540,414
000045.jpg,800,600,SMD capacitor,321,161,409,248
000045.jpg,800,600,SMD capacitor,190,316,266,401
000045.jpg,800,600,inductor_chunk,160,165,310,305
000045.jpg,800,600,SMD capacitor,268,313,331,399
000045.jpg,800,600,SMD resistor,264,88,381,156
000045.jpg,800,600,SMD resistor,48,385,171,444
000046.jpg,800,600,SMD capacitor,235,190,560,406
000047.jpg,800,600,SMD capacitor,301,221,550,450
000048.jpg,800,600,SMD capacitor,273,202,362,264
000048.jpg,800,600,SMD capacitor,187,101,362,219
000048.jpg,800,600,SMD capacitor,413,2,561,124
000048.jpg,800,600,SMD capacitor,423,239,508,307
000049.jpg,800,600,SMD resistor,218,255,231,278
000049.jpg,800,600,SMD resistor,261,256,271,276
000049.jpg,800,600,SMD resistor,277,256,286,279
000049.jpg,800,600,SMD resistor,197,255,211,278
000049.jpg,800,600,SMD resistor,327,218,339,240
000049.jpg,800,600,SMD resistor,419,256,429,276
000049.jpg,800,600,SMD resistor,432,256,442,277
000049.jpg,800,600,SMD resistor,443,253,455,277
000049.jpg,800,600,SMD resistor,458,256,468,279
000049.jpg,800,600,SMD resistor,470,254,481,278
000049.jpg,800,600,SMD resistor,197,382,221,395
000049.jpg,800,600,SMD resistor,131,277,154,286
000049.jpg,800,600,SMD resistor,130,290,156,300
000049.jpg,800,600,SMD resistor,158,262,187,274
000049.jpg,800,600,SMD resistor,434,436,444,458
000049.jpg,800,600,SMD resistor,448,435,463,461
000049.jpg,800,600,SMD resistor,70,350,95,360
000049.jpg,800,600,SMD resistor,68,362,91,372
000049.jpg,800,600,SMD resistor,69,388,95,397
000049.jpg,800,600,SMD resistor,68,372,94,384
000049.jpg,800,600,SMD resistor,66,399,94,408
000049.jpg,800,600,SMD resistor,68,413,94,422
000049.jpg,800,600,SMD resistor,66,424,95,437
000049.jpg,800,600,SMD resistor,66,438,94,449
000049.jpg,800,600,SMD resistor,98,437,124,451
000049.jpg,800,600,SMD resistor,98,455,121,466
000049.jpg,800,600,SMD resistor,97,471,124,480
000049.jpg,800,600,SMD resistor,102,490,121,500
000049.jpg,800,600,SMD resistor,67,501,94,514
000049.jpg,800,600,SMD resistor,81,277,95,300
000049.jpg,800,600,SMD resistor,96,277,109,303
000049.jpg,800,600,SMD resistor,53,277,65,299
000049.jpg,800,600,SMD resistor,111,179,123,200
000049.jpg,800,600,SMD resistor,98,176,110,203
000049.jpg,800,600,SMD resistor,64,179,73,202
000049.jpg,800,600,SMD resistor,44,179,56,206
000049.jpg,800,600,SMD resistor,142,155,153,174
000049.jpg,800,600,SMD resistor,157,157,167,177
000049.jpg,800,600,SMD resistor,189,155,198,177
000049.jpg,800,600,SMD resistor,201,155,214,177
000049.jpg,800,600,SMD resistor,229,155,242,180
000049.jpg,800,600,SMD resistor,244,154,255,177
000049.jpg,800,600,SMD resistor,280,142,293,168
000049.jpg,800,600,SMD resistor,279,119,292,143
000049.jpg,800,600,SMD resistor,297,118,308,139
000049.jpg,800,600,SMD resistor,298,142,310,164
000049.jpg,800,600,SMD resistor,315,143,327,163
000049.jpg,800,600,SMD resistor,315,115,325,138
000049.jpg,800,600,SMD resistor,261,118,273,141
000049.jpg,800,600,SMD resistor,566,347,591,360
000049.jpg,800,600,SMD resistor,565,360,594,370
000049.jpg,800,600,SMD resistor,563,374,592,385
000049.jpg,800,600,SMD resistor,568,385,589,397
000049.jpg,800,600,SMD resistor,568,397,592,409
000049.jpg,800,600,SMD resistor,534,358,558,371
000049.jpg,800,600,SMD resistor,539,373,557,383
000049.jpg,800,600,SMD resistor,537,384,558,394
000049.jpg,800,600,SMD resistor,489,399,513,409
000049.jpg,800,600,SMD resistor,490,411,514,420
000049.jpg,800,600,SMD resistor,513,458,528,481
000049.jpg,800,600,SMD resistor,513,482,526,505
000049.jpg,800,600,SMD capacitor,533,398,560,409
000049.jpg,800,600,SMD capacitor,490,384,513,395
000049.jpg,800,600,SMD capacitor,200,355,221,366
000049.jpg,800,600,SMD capacitor,198,368,219,378
000049.jpg,800,600,SMD capacitor,161,290,184,300
000049.jpg,800,600,SMD capacitor,373,256,385,278
000049.jpg,800,600,SMD capacitor,388,254,400,279
000049.jpg,800,600,SMD capacitor,404,255,415,280
000049.jpg,800,600,SMD capacitor,485,255,497,282
000049.jpg,800,600,SMD capacitor,290,255,302,280
000049.jpg,800,600,SMD capacitor,329,256,339,279
000049.jpg,800,600,SMD capacitor,187,176,195,198
000049.jpg,800,600,SMD capacitor,200,177,213,201
000049.jpg,800,600,SMD capacitor,229,179,243,200
000049.jpg,800,600,SMD capacitor,242,177,256,204
000049.jpg,800,600,SMD capacitor,156,180,168,201
000049.jpg,800,600,SMD capacitor,140,177,155,203
000049.jpg,800,600,SMD capacitor,263,142,274,165
000049.jpg,800,600,SMD capacitor,577,272,592,296
000049.jpg,800,600,SMD capacitor,578,461,606,470
000049.jpg,800,600,SMD capacitor,350,421,373,432
000049.jpg,800,600,SMD capacitor,199,308,208,334
000049.jpg,800,600,SMD capacitor,644,169,670,180
000049.jpg,800,600,SMD capacitor,643,178,671,192
000049.jpg,800,600,SMD capacitor,674,155,700,168
000049.jpg,800,600,electrolytic capacitor,126,306,181,347
000049.jpg,800,600,electrolytic capacitor,124,353,184,399
000049.jpg,800,600,electrolytic capacitor,613,319,684,384
000049.jpg,800,600,electrolytic capacitor,627,397,686,443
000049.jpg,800,600,electrolytic capacitor,510,227,564,277
000049.jpg,800,600,electrolytic capacitor,402,479,458,529
000049.jpg,800,600,electrolytic capacitor,598,97,670,160
000049.jpg,800,600,diode,36,133,53,163
000049.jpg,800,600,diode,62,129,79,164
000049.jpg,800,600,diode,89,129,102,161
000049.jpg,800,600,diode,115,127,127,161
000049.jpg,800,600,inductor_chunk,618,237,696,305
000049.jpg,800,600,diode,340,147,357,184
000049.jpg,800,600,diode,365,147,384,185
000049.jpg,800,600,diode,396,148,411,188
000050.jpg,800,600,SMD capacitor,326,316,349,365
000050.jpg,800,600,SMD capacitor,270,228,305,276
000050.jpg,800,600,SMD capacitor,371,169,402,226
000050.jpg,800,600,SMD resistor,321,397,357,422
000050.jpg,800,600,SMD resistor,446,397,490,422
000051.jpg,800,600,SMD capacitor,411,301,481,369
000051.jpg,800,600,SMD capacitor,304,286,370,351
000051.jpg,800,600,SMD capacitor,566,384,642,455
000051.jpg,800,600,SMD capacitor,653,439,727,510
000051.jpg,800,600,SMD capacitor,578,153,631,230
000051.jpg,800,600,SMD capacitor,416,235,492,306
000051.jpg,800,600,SMD capacitor,396,64,450,137
000051.jpg,800,600,SMD capacitor,26,95,105,170
000051.jpg,800,600,SMD resistor,259,324,304,393
000051.jpg,800,600,SMD resistor,311,361,351,436
000051.jpg,800,600,SMD resistor,426,426,471,511
000051.jpg,800,600,SMD resistor,413,360,493,421
000051.jpg,800,600,SMD resistor,524,426,600,495
000051.jpg,800,600,SMD resistor,526,492,578,572
000051.jpg,800,600,SMD resistor,135,166,205,230
000051.jpg,800,600,SMD resistor,613,260,679,323
000051.jpg,800,600,SMD resistor,326,235,401,304
000051.jpg,800,600,SMD resistor,450,190,515,261
000051.jpg,800,600,SMD resistor,625,93,698,164
000051.jpg,800,600,SMD resistor,17,305,73,380
000051.jpg,800,600,SMD resistor,113,356,166,443
000051.jpg,800,600,diode,262,469,297,532
000051.jpg,800,600,diode,361,520,402,595
000051.jpg,800,600,diode,488,4,536,71
000052.jpg,800,600,SMD resistor,279,228,385,332
000052.jpg,800,600,SMD resistor,609,225,705,315
000052.jpg,800,600,SMD resistor,419,293,531,378
000052.jpg,800,600,SMD resistor,182,430,261,514
000052.jpg,800,600,SMD capacitor,61,281,138,367
000052.jpg,800,600,SMD capacitor,1,334,77,418
000053.jpg,800,600,SMD capacitor,561,259,700,397
000053.jpg,800,600,SMD capacitor,471,151,634,313
000053.jpg,800,600,SMD capacitor,608,406,688,490
000053.jpg,800,600,SMD capacitor,3,267,95,376
000053.jpg,800,600,SMD resistor,319,212,411,317
000053.jpg,800,600,SMD resistor,368,165,461,247
000053.jpg,800,600,SMD resistor,16,124,202,300
000053.jpg,800,600,SMD resistor,103,68,274,235
000053.jpg,800,600,SMD resistor,172,1,347,171
000054.jpg,800,600,SMD capacitor,405,286,491,366
000054.jpg,800,600,SMD capacitor,473,230,540,305
000054.jpg,800,600,SMD capacitor,518,172,616,269
000054.jpg,800,600,SMD capacitor,11,295,79,364
000054.jpg,800,600,SMD capacitor,540,1,616,96
000054.jpg,800,600,SMD capacitor,495,1,548,47
000054.jpg,800,600,SMD resistor,531,324,598,421
000055.jpg,800,600,resistor,226,327,313,430
000055.jpg,800,600,resistor,84,401,212,556
000055.jpg,800,600,resistor,319,341,456,387
000055.jpg,800,600,resistor,268,164,381,286
000055.jpg,800,600,resistor,414,1,552,40
000055.jpg,800,600,resistor,461,517,605,566
000055.jpg,800,600,resistor,466,451,592,505
000055.jpg,800,600,electrolytic capacitor,487,359,589,451
000055.jpg,800,600,electrolytic capacitor,710,179,775,244
000055.jpg,800,600,electrolytic capacitor,457,192,508,274
000055.jpg,800,600,electrolytic capacitor,599,1,696,92
000055.jpg,800,600,diode_2nd,1,325,62,536
000055.jpg,800,600,diode_2nd,82,335,217,397
000055.jpg,800,600,diode_2nd,152,271,274,319
000056.jpg,800,600,SMD capacitor,429,427,495,455
000056.jpg,800,600,SMD capacitor,346,424,377,469
000056.jpg,800,600,SMD capacitor,358,377,436,406
000056.jpg,800,600,SMD capacitor,589,203,621,258
000056.jpg,800,600,SMD capacitor,426,222,503,253
000057.jpg,800,600,SMD resistor,703,244,759,276
000057.jpg,800,600,SMD resistor,710,282,755,311
000057.jpg,800,600,SMD resistor,703,184,748,213
000057.jpg,800,600,SMD resistor,639,151,685,180
000057.jpg,800,600,SMD resistor,705,110,748,142
000057.jpg,800,600,SMD resistor,705,33,748,63
000057.jpg,800,600,SMD resistor,701,1,749,28
000057.jpg,800,600,SMD resistor,134,186,185,214
000057.jpg,800,600,SMD resistor,60,187,107,210
000057.jpg,800,600,SMD capacitor,62,151,103,180
000057.jpg,800,600,SMD capacitor,44,366,94,398
000057.jpg,800,600,SMD capacitor,126,416,155,478
000057.jpg,800,600,SMD capacitor,197,559,256,595
000057.jpg,800,600,SMD capacitor,635,108,681,140
000057.jpg,800,600,SMD capacitor,409,40,449,72
000057.jpg,800,600,SMD capacitor,334,37,385,71
000057.jpg,800,600,SMD capacitor,272,38,312,67
000057.jpg,800,600,SMD capacitor,706,321,757,348
000057.jpg,800,600,SMD capacitor,706,77,750,101
000057.jpg,800,600,SMD capacitor,706,148,756,176
000058.jpg,800,600,SMD resistor,215,366,231,408
000058.jpg,800,600,SMD resistor,324,205,346,225
000058.jpg,800,600,SMD resistor,133,508,170,544
000058.jpg,800,600,SMD capacitor,125,426,156,444
000058.jpg,800,600,SMD capacitor,173,465,198,490
000058.jpg,800,600,SMD capacitor,130,461,156,488
000058.jpg,800,600,SMD capacitor,84,419,109,446
000058.jpg,800,600,SMD capacitor,88,382,116,404
000058.jpg,800,600,SMD capacitor,135,339,163,366
000058.jpg,800,600,SMD capacitor,265,543,290,595
000058.jpg,800,600,SMD capacitor,214,515,237,588
000058.jpg,800,600,SMD capacitor,235,461,266,482
000058.jpg,800,600,SMD capacitor,237,417,264,439
000058.jpg,800,600,SMD capacitor,96,340,124,368
000058.jpg,800,600,SMD capacitor,69,549,104,600
000058.jpg,800,600,SMD capacitor,84,505,111,529
000058.jpg,800,600,SMD capacitor,31,471,60,495
000058.jpg,800,600,SMD capacitor,3,430,20,469
000058.jpg,800,600,SMD resistor,279,118,312,137
000058.jpg,800,600,SMD resistor,279,77,308,105
000058.jpg,800,600,SMD resistor,276,40,308,71
000058.jpg,800,600,SMD capacitor,158,242,189,271
000059.jpg,800,600,SMD resistor,590,480,603,508
000059.jpg,800,600,SMD resistor,610,480,627,509
000059.jpg,800,600,SMD resistor,613,511,624,540
000059.jpg,800,600,SMD resistor,589,514,606,546
000059.jpg,800,600,SMD resistor,594,16,624,36
000059.jpg,800,600,SMD resistor,500,15,528,35
000059.jpg,800,600,SMD resistor,404,86,431,103
000059.jpg,800,600,SMD capacitor,547,298,587,328
000059.jpg,800,600,SMD capacitor,542,272,569,290
000059.jpg,800,600,SMD capacitor,508,235,546,256
000059.jpg,800,600,SMD capacitor,490,279,531,298
000059.jpg,800,600,SMD capacitor,490,296,530,314
000059.jpg,800,600,SMD capacitor,521,382,535,413
000059.jpg,800,600,SMD capacitor,406,402,424,435
000059.jpg,800,600,SMD capacitor,310,453,334,466
000059.jpg,800,600,SMD capacitor,352,113,377,158
000059.jpg,800,600,SMD capacitor,265,343,294,360
000059.jpg,800,600,SMD capacitor,329,293,356,309
000059.jpg,800,600,SMD capacitor,448,255,476,274
000059.jpg,800,600,SMD capacitor,423,307,438,339
000059.jpg,800,600,SMD capacitor,355,253,388,274
000060.jpg,800,600,SMD capacitor,16,7,777,580
000061.jpg,800,600,SMD capacitor,641,468,723,534
000061.jpg,800,600,SMD resistor,410,247,487,300
000061.jpg,800,600,SMD resistor,421,151,485,198
000061.jpg,800,600,SMD capacitor,399,395,440,489
000061.jpg,800,600,SMD capacitor,471,393,513,479
000062.jpg,800,600,SMD capacitor,405,237,450,322
000062.jpg,800,600,SMD capacitor,205,368,245,454
000062.jpg,800,600,SMD capacitor,573,102,644,150
000062.jpg,800,600,SMD capacitor,577,371,627,413
000063.jpg,800,600,SMD capacitor,35,15,776,579
000064.jpg,800,600,SMD capacitor,13,132,796,480
000065.jpg,800,600,SMD resistor,13,119,196,322
000065.jpg,800,600,SMD resistor,101,66,277,248
000065.jpg,800,600,SMD resistor,171,1,352,177
000065.jpg,800,600,SMD capacitor,463,126,632,326
000065.jpg,800,600,SMD capacitor,563,251,687,406
000065.jpg,800,600,SMD capacitor,610,390,692,501
000066.jpg,800,600,SMD capacitor,73,59,234,221
000066.jpg,800,600,SMD capacitor,521,316,699,526
000067.jpg,800,600,SMD capacitor,83,102,692,484
000068.jpg,800,600,SMD capacitor,8,40,296,291
000068.jpg,800,600,SMD capacitor,17,298,274,568
000068.jpg,800,600,SMD capacitor,340,4,627,264
000069.jpg,800,600,SMD resistor,198,216,232,279
000069.jpg,800,600,SMD resistor,295,285,337,322
000069.jpg,800,600,SMD resistor,269,330,312,367
000069.jpg,800,600,SMD resistor,284,466,337,516
000069.jpg,800,600,SMD resistor,56,427,124,538
000069.jpg,800,600,SMD resistor,303,148,333,185
000069.jpg,800,600,SMD resistor,355,136,399,177
000069.jpg,800,600,SMD resistor,727,22,773,111
000069.jpg,800,600,SMD resistor,688,1,740,75
000069.jpg,800,600,SMD capacitor,221,486,317,574
000069.jpg,800,600,SMD capacitor,121,272,194,330
000069.jpg,800,600,SMD capacitor,255,358,295,392
000069.jpg,800,600,SMD capacitor,237,177,303,251
000069.jpg,800,600,SMD capacitor,244,312,266,346
000069.jpg,800,600,SMD capacitor,323,253,356,289
000069.jpg,800,600,SMD capacitor,364,201,390,235
000069.jpg,800,600,SMD capacitor,398,71,460,135
000069.jpg,800,600,SMD capacitor,381,110,417,144
000069.jpg,800,600,SMD capacitor,640,76,678,116
000070.jpg,800,600,SMD resistor,133,203,315,280
000070.jpg,800,600,SMD resistor,394,201,554,268
000070.jpg,800,600,SMD resistor,141,296,323,376
000070.jpg,800,600,SMD resistor,390,301,555,369
000071.jpg,800,600,SMD capacitor,68,68,765,526
000072.jpg,800,600,SMD capacitor,65,14,780,556
000073.jpg,800,600,SMD resistor,17,142,198,321
000073.jpg,800,600,SMD resistor,93,71,269,252
000073.jpg,800,600,SMD resistor,177,1,348,180
000073.jpg,800,600,SMD resistor,313,223,412,331
000073.jpg,800,600,SMD resistor,363,166,463,271
000073.jpg,800,600,SMD capacitor,469,151,621,334
000073.jpg,800,600,SMD capacitor,566,271,694,414
000073.jpg,800,600,SMD capacitor,599,406,692,522
000073.jpg,800,600,SMD capacitor,1,281,104,403
000074.jpg,800,600,SMD capacitor,309,182,376,227
000074.jpg,800,600,SMD capacitor,232,272,281,347
000074.jpg,800,600,SMD capacitor,403,190,460,226
000075.jpg,800,600,SMD capacitor,161,197,179,213
000075.jpg,800,600,SMD capacitor,176,395,186,406
000075.jpg,800,600,SMD capacitor,201,334,213,343
000075.jpg,800,600,electrolytic capacitor,297,461,328,492
000075.jpg,800,600,electrolytic capacitor,23,472,90,543
000076.jpg,800,600,SMD capacitor,308,161,496,294
000077.jpg,800,600,SMD capacitor,300,131,305,145
000077.jpg,800,600,SMD capacitor,401,318,415,326
000077.jpg,800,600,SMD capacitor,421,403,426,420
000077.jpg,800,600,electrolytic capacitor,174,364,219,404
000077.jpg,800,600,electrolytic capacitor,178,405,221,437
000077.jpg,800,600,electrolytic capacitor,177,440,224,484
000077.jpg,800,600,electrolytic capacitor,209,92,261,141
000077.jpg,800,600,electrolytic capacitor,211,292,240,316
000078.jpg,800,600,SMD resistor,52,148,344,298
000078.jpg,800,600,SMD resistor,366,196,585,314
000079.jpg,800,600,SMD capacitor,114,201,413,447
000080.jpg,800,600,SMD capacitor,260,188,569,381
000081.jpg,800,600,SMD capacitor,290,254,342,317
000081.jpg,800,600,SMD capacitor,295,324,351,392
000081.jpg,800,600,SMD capacitor,300,420,352,487
000081.jpg,800,600,SMD capacitor,302,489,360,550
000081.jpg,800,600,SMD capacitor,187,422,236,444
000081.jpg,800,600,SMD capacitor,185,451,239,469
000081.jpg,800,600,SMD capacitor,191,495,240,519
000081.jpg,800,600,diode,82,223,145,242
000081.jpg,800,600,diode,88,264,147,288
000081.jpg,800,600,diode,94,382,155,404
000081.jpg,800,600,diode,100,428,161,453
000081.jpg,800,600,diode,75,85,132,107
000081.jpg,800,600,diode,104,543,163,564
000081.jpg,800,600,SMD resistor,598,403,640,422
000082.jpg,800,600,SMD resistor,348,189,391,243
000082.jpg,800,600,SMD resistor,391,201,439,259
000082.jpg,800,600,SMD resistor,379,296,450,341
000082.jpg,800,600,SMD resistor,352,323,425,368
000082.jpg,800,600,SMD resistor,603,289,669,340
000082.jpg,800,600,SMD resistor,628,263,700,310
000082.jpg,800,600,SMD resistor,216,72,265,116
000082.jpg,800,600,SMD resistor,708,174,778,225
000082.jpg,800,600,SMD capacitor,312,344,402,413
000082.jpg,800,600,SMD capacitor,274,382,372,447
000082.jpg,800,600,SMD capacitor,245,423,339,481
000082.jpg,800,600,SMD capacitor,597,356,696,422
000082.jpg,800,600,SMD capacitor,644,506,738,574
000082.jpg,800,600,SMD capacitor,165,451,211,505
000082.jpg,800,600,SMD capacitor,40,57,126,116
000083.jpg,800,600,SMD resistor,159,280,197,331
000083.jpg,800,600,SMD resistor,269,230,307,261
000083.jpg,800,600,SMD resistor,226,174,261,206
000083.jpg,800,600,SMD resistor,170,355,210,400
000083.jpg,800,600,SMD capacitor,134,362,173,417
000083.jpg,800,600,SMD capacitor,97,229,137,280
000083.jpg,800,600,SMD capacitor,137,213,165,258
000083.jpg,800,600,SMD capacitor,452,109,483,151
000083.jpg,800,600,SMD capacitor,492,98,518,138
000083.jpg,800,600,SMD capacitor,506,242,528,279
000084.jpg,800,600,electrolytic capacitor,626,126,699,242
000084.jpg,800,600,electrolytic capacitor,711,168,785,266
000084.jpg,800,600,SMD capacitor,619,321,635,353
000084.jpg,800,600,SMD capacitor,312,398,326,429
000084.jpg,800,600,SMD capacitor,310,438,324,471
000084.jpg,800,600,SMD capacitor,425,548,442,580
000084.jpg,800,600,SMD capacitor,507,549,520,580
000084.jpg,800,600,SMD capacitor,394,246,403,270
000084.jpg,800,600,SMD capacitor,408,245,423,274
000084.jpg,800,600,SMD resistor,447,250,455,271
000084.jpg,800,600,SMD resistor,460,250,469,269
000084.jpg,800,600,SMD resistor,470,248,480,275
000084.jpg,800,600,SMD resistor,483,250,489,272
000084.jpg,800,600,SMD resistor,516,251,526,274
000084.jpg,800,600,SMD resistor,527,255,537,277
